dataset,timeout,"f(1,0)=slowdown","f(0,1)=energy","f(0.5,0.5)=balance"
Gaia,30mins,6.130301502824511,0.21955590018598856,3.17492870150525
